Country,Country Code,Region,Region Code,City
Canada,CA,Alberta,AB,
Canada,CA,British Columbia,BC,
Canada,CA,Manitoba,MB,
Canada,CA,New Brunswick,NB,
Canada,CA,Newfoundland and Labrador,NL,
Canada,CA,Nova Scotia,NS,
Canada,CA,Northwest Territories,NT,
Canada,CA,Nunavut,NU,
Canada,CA,Ontario,ON,
Canada,CA,Prince Edward Island,PE,
Canada,CA,Quebec,QC,
Canada,CA,Saskatchewan,SK,
Canada,CA,Yukon,YT,
Australia,AU,Australian Capital Territory,AC,
Australia,AU,New South Wales,NS,
Australia,AU,Northern Territory,NT,
Australia,AU,Queensland,QL,
Australia,AU,South Australia,SA,
Australia,AU,Tasmania,TA,
Australia,AU,Victoria,VI,
Australia,AU,Western Australia,WA,
Spain,ES,Andalusia,AN,
Spain,ES,Aragon,AR,
Spain,ES,Asturias,AS,
Spain,ES,Cantabria,CB,
Spain,ES,Ceuta,CE,
Spain,ES,Castile and León,CL,
Spain,ES,Castilla–La Mancha,CM,
Spain,ES,Canary Islands,CN,
Spain,ES,Catalonia,CT,
Spain,ES,Extremadura,EX,
Spain,ES,Galicia,GA,
Spain,ES,Balearic Islands,IB,
Spain,ES,Region of Murcia,MC,
Spain,ES,Community of Madrid,MD,
Spain,ES,Melilla,ML,
Spain,ES,Navarre,NA,
Spain,ES,Basque Country,PV,
Spain,ES,La Rioja,RI,
Spain,ES,Valencian Community,VC,
France,FR,Auvergne-Rhône-Alpes,AR,Aix-les-Bains
France,FR,Auvergne-Rhône-Alpes,AR,Albertville
France,FR,Auvergne-Rhône-Alpes,AR,Alixan
France,FR,Auvergne-Rhône-Alpes,AR,Annecy
France,FR,Auvergne-Rhône-Alpes,AR,Annonay
France,FR,Auvergne-Rhône-Alpes,AR,Arnas
France,FR,Auvergne-Rhône-Alpes,AR,Aubière
France,FR,Auvergne-Rhône-Alpes,AR,Aurillac
France,FR,Auvergne-Rhône-Alpes,AR,Bonne
France,FR,Auvergne-Rhône-Alpes,AR,Bourg-lès-Valence
France,FR,Auvergne-Rhône-Alpes,AR,Bourgoin-Jallieu
France,FR,Auvergne-Rhône-Alpes,AR,Brignais
France,FR,Auvergne-Rhône-Alpes,AR,Caluire-et-Cuire
France,FR,Auvergne-Rhône-Alpes,AR,Chambéry
France,FR,Auvergne-Rhône-Alpes,AR,Champagne-au-Mont-d-Or
France,FR,Auvergne-Rhône-Alpes,AR,Chaponost
France,FR,Auvergne-Rhône-Alpes,AR,Charbonnières-les-Bains
France,FR,Auvergne-Rhône-Alpes,AR,Charlieu
France,FR,Auvergne-Rhône-Alpes,AR,Chassieu
France,FR,Auvergne-Rhône-Alpes,AR,Clermont-Ferrand
France,FR,Auvergne-Rhône-Alpes,AR,Craponne
France,FR,Auvergne-Rhône-Alpes,AR,Dardilly
France,FR,Auvergne-Rhône-Alpes,AR,Décines-Charpieu
France,FR,Auvergne-Rhône-Alpes,AR,Fillière
France,FR,Auvergne-Rhône-Alpes,AR,Froges
France,FR,Auvergne-Rhône-Alpes,AR,Grand-Aigueblanche
France,FR,Auvergne-Rhône-Alpes,AR,Grenoble
France,FR,Auvergne-Rhône-Alpes,AR,Issoire
France,FR,Auvergne-Rhône-Alpes,AR,Jaillans
France,FR,Auvergne-Rhône-Alpes,AR,La Roche-sur-Foron
France,FR,Auvergne-Rhône-Alpes,AR,Lathuile
France,FR,Auvergne-Rhône-Alpes,AR,Le Bourget-du-Lac
France,FR,Auvergne-Rhône-Alpes,AR,Limas
France,FR,Auvergne-Rhône-Alpes,AR,Limonest
France,FR,Auvergne-Rhône-Alpes,AR,Lissieu
France,FR,Auvergne-Rhône-Alpes,AR,Lyon
France,FR,Auvergne-Rhône-Alpes,AR,Miribel
France,FR,Auvergne-Rhône-Alpes,AR,Montluçon
France,FR,Auvergne-Rhône-Alpes,AR,Moutiers
France,FR,Auvergne-Rhône-Alpes,AR,Pierrelatte
France,FR,Auvergne-Rhône-Alpes,AR,Pringy
France,FR,Auvergne-Rhône-Alpes,AR,Prévessin-Moëns
France,FR,Auvergne-Rhône-Alpes,AR,Rillieux-la-Pape
France,FR,Auvergne-Rhône-Alpes,AR,Roanne
France,FR,Auvergne-Rhône-Alpes,AR,Romans-sur-Isère
France,FR,Auvergne-Rhône-Alpes,AR,Saint-Beauzire
France,FR,Auvergne-Rhône-Alpes,AR,Saint-Chamond
France,FR,Auvergne-Rhône-Alpes,AR,Saint-Félix
France,FR,Auvergne-Rhône-Alpes,AR,Saint-Genis-Pouilly
France,FR,Auvergne-Rhône-Alpes,AR,Saint-Jean-de-Sixt
France,FR,Auvergne-Rhône-Alpes,AR,Saint-Martin-d'Hères
France,FR,Auvergne-Rhône-Alpes,AR,Saint-Pierre-en-Fauc
France,FR,Auvergne-Rhône-Alpes,AR,Saint-Priest
France,FR,Auvergne-Rhône-Alpes,AR,Saint-Quentin-Fallavier
France,FR,Auvergne-Rhône-Alpes,AR,Saint-Étienne
France,FR,Auvergne-Rhône-Alpes,AR,Tassin-la-Demi-Lune
France,FR,Auvergne-Rhône-Alpes,AR,Thonon-les-Bains
France,FR,Auvergne-Rhône-Alpes,AR,Thyez
France,FR,Auvergne-Rhône-Alpes,AR,Tournon
France,FR,Auvergne-Rhône-Alpes,AR,Tournon-sur-Rhône
France,FR,Auvergne-Rhône-Alpes,AR,Valence
France,FR,Auvergne-Rhône-Alpes,AR,Ville-la-Grand
France,FR,Auvergne-Rhône-Alpes,AR,Villefranche-sur-Saône
France,FR,Auvergne-Rhône-Alpes,AR,Vonnas
France,FR,Auvergne-Rhône-Alpes,AR,Vénissieux
France,FR,Auvergne-Rhône-Alpes,AR,Écully
France,FR,Auvergne-Rhône-Alpes,AR,Épinouze
France,FR,Bourgogne-Franche-Comté,BF,Beaune
France,FR,Bourgogne-Franche-Comté,BF,Belfort
France,FR,Bourgogne-Franche-Comté,BF,Besançon
France,FR,Bourgogne-Franche-Comté,BF,Bourbon-Lancy
France,FR,Bourgogne-Franche-Comté,BF,Chalon-sur-Saône
France,FR,Bourgogne-Franche-Comté,BF,Charnay-lès-Mâcon
France,FR,Bourgogne-Franche-Comté,BF,Charny-Orée-de-Puisaye
France,FR,Bourgogne-Franche-Comté,BF,Chemaudin et Vaux
France,FR,Bourgogne-Franche-Comté,BF,Châtenoy-le-Royal
France,FR,Bourgogne-Franche-Comté,BF,Dijon
France,FR,Bourgogne-Franche-Comté,BF,Dommartin
France,FR,Bourgogne-Franche-Comté,BF,Dompierre-sur-Mont
France,FR,Bourgogne-Franche-Comté,BF,Hauteville-lès-Dijon
France,FR,Bourgogne-Franche-Comté,BF,Lons-le-Saunier
France,FR,Bourgogne-Franche-Comté,BF,Marsannay-la-Côte
France,FR,Bourgogne-Franche-Comté,BF,Monéteau
France,FR,Bourgogne-Franche-Comté,BF,Morteau
France,FR,Bourgogne-Franche-Comté,BF,Mâcon
France,FR,Bourgogne-Franche-Comté,BF,Nevers
France,FR,Bourgogne-Franche-Comté,BF,Noidans-lès-Vesoul
France,FR,Bourgogne-Franche-Comté,BF,Ouroux-en-Morvan
France,FR,Bourgogne-Franche-Comté,BF,Paray-le-Monial
France,FR,Bourgogne-Franche-Comté,BF,Pirey
France,FR,Bourgogne-Franche-Comté,BF,Pontarlier
France,FR,Bourgogne-Franche-Comté,BF,Saint-Apollinaire
France,FR,Bourgogne-Franche-Comté,BF,Saint-Claude
France,FR,Bourgogne-Franche-Comté,BF,Saint-Désert
France,FR,Bourgogne-Franche-Comté,BF,Sens
France,FR,Bourgogne-Franche-Comté,BF,Serre-les-Sapins
France,FR,Bourgogne-Franche-Comté,BF,Sombernon
France,FR,Bourgogne-Franche-Comté,BF,Vercel-Villedieu-le-Camp
France,FR,Bourgogne-Franche-Comté,BF,Vieux-Charmont
France,FR,Bretagne,BR,Binic-Étables-sur-Mer
France,FR,Bretagne,BR,Brest
France,FR,Bretagne,BR,Caudan
France,FR,Bretagne,BR,Cesson-Sévigné
France,FR,Bretagne,BR,Etrelles
France,FR,Bretagne,BR,Fougères
France,FR,Bretagne,BR,Landerneau
France,FR,Bretagne,BR,Lannion
France,FR,Bretagne,BR,Lorient
France,FR,Bretagne,BR,Noyal-Châtillon-sur-Seiche
France,FR,Bretagne,BR,Pommeret
France,FR,Bretagne,BR,Redon
France,FR,Bretagne,BR,Rennes
France,FR,Bretagne,BR,Saint Grégoire
France,FR,Bretagne,BR,Saint-Avé
France,FR,Bretagne,BR,Saint-Brieuc
France,FR,Bretagne,BR,Saint-Malo
France,FR,Bretagne,BR,Sainte-Marie
France,FR,Bretagne,BR,Sarzeau
France,FR,Bretagne,BR,Vannes
France,FR,Corse,CO,Ajaccio
France,FR,Corse,CO,Bastia
France,FR,Corse,CO,Biguglia
France,FR,Corse,CO,Ville-di-Pietrabugno
France,FR,Centre-Val de Loire,CV,Blois
France,FR,Centre-Val de Loire,CV,Bourges
France,FR,Centre-Val de Loire,CV,Celle
France,FR,Centre-Val de Loire,CV,Cepoy
France,FR,Centre-Val de Loire,CV,Chambourg-sur-Indre
France,FR,Centre-Val de Loire,CV,Courville-sur-Eure
France,FR,Centre-Val de Loire,CV,Joué-lès-Tours
France,FR,Centre-Val de Loire,CV,La Chapelle-Saint-Mesmin
France,FR,Centre-Val de Loire,CV,Luzillé
France,FR,Centre-Val de Loire,CV,Montargis
France,FR,Centre-Val de Loire,CV,Orléans
France,FR,Centre-Val de Loire,CV,Saint-Avertin
France,FR,Centre-Val de Loire,CV,Saint-Cyr-sur-Loire
France,FR,Centre-Val de Loire,CV,Saran
France,FR,Centre-Val de Loire,CV,Tours
France,FR,Centre-Val de Loire,CV,Villemandeur
France,FR,Grand Est,GE,Bartenheim
France,FR,Grand Est,GE,Bernolsheim
France,FR,Grand Est,GE,Bitche
France,FR,Grand Est,GE,Bosselshausen
France,FR,Grand Est,GE,Bréviandes
France,FR,Grand Est,GE,Cernay
France,FR,Grand Est,GE,Charleville-Mézières
France,FR,Grand Est,GE,Chavot-Courcourt
France,FR,Grand Est,GE,Châtenois
France,FR,Grand Est,GE,Cormontreuil
France,FR,Grand Est,GE,Cornimont
France,FR,Grand Est,GE,Custines
France,FR,Grand Est,GE,Dietwiller
France,FR,Grand Est,GE,Entzheim
France,FR,Grand Est,GE,Epinal
France,FR,Grand Est,GE,Eschau
France,FR,Grand Est,GE,Foulain
France,FR,Grand Est,GE,Frouard
France,FR,Grand Est,GE,Geispolsheim
France,FR,Grand Est,GE,Gerstheim
France,FR,Grand Est,GE,Heidwiller
France,FR,Grand Est,GE,Horbourg-Wihr
France,FR,Grand Est,GE,Huningue
France,FR,Grand Est,GE,Hœnheim
France,FR,Grand Est,GE,Illzach
France,FR,Grand Est,GE,La Chapelle-Saint-Luc
France,FR,Grand Est,GE,Louargat
France,FR,Grand Est,GE,Ludres
France,FR,Grand Est,GE,Marange-Silvange
France,FR,Grand Est,GE,Marly
France,FR,Grand Est,GE,Metz
France,FR,Grand Est,GE,Meyenheim
France,FR,Grand Est,GE,Mundolsheim
France,FR,Grand Est,GE,Muttersholtz
France,FR,Grand Est,GE,Nancy
France,FR,Grand Est,GE,Neufchâteau
France,FR,Grand Est,GE,Obermodern-Zutzendorf
France,FR,Grand Est,GE,Reims
France,FR,Grand Est,GE,Rœschwoog
France,FR,Grand Est,GE,Saint-Dizier
France,FR,Grand Est,GE,Saint-Léonard
France,FR,Grand Est,GE,Saint-Martin-sur-le-Pré
France,FR,Grand Est,GE,Sausheim
France,FR,Grand Est,GE,Schiltigheim
France,FR,Grand Est,GE,Strasbourg
France,FR,Grand Est,GE,Sundhoffen
France,FR,Grand Est,GE,Thaon-les-Vosges
France,FR,Grand Est,GE,Toul
France,FR,Grand Est,GE,Troyes
France,FR,Grand Est,GE,Vandoeuvre les Nancy
France,FR,Grand Est,GE,Verdun
France,FR,Grand Est,GE,Wettolsheim
France,FR,Grand Est,GE,Wittenheim
France,FR,Hauts-de-France,HF,Amiens
France,FR,Hauts-de-France,HF,Anzin
France,FR,Hauts-de-France,HF,Beauvais
France,FR,Hauts-de-France,HF,Bersée
France,FR,Hauts-de-France,HF,Bethune
France,FR,Hauts-de-France,HF,Bondues
France,FR,Hauts-de-France,HF,Brillon
France,FR,Hauts-de-France,HF,Béthune
France,FR,Hauts-de-France,HF,Calais
France,FR,Hauts-de-France,HF,Cambrai
France,FR,Hauts-de-France,HF,Carvin
France,FR,Hauts-de-France,HF,Caudry
France,FR,Hauts-de-France,HF,Courriéres
France,FR,Hauts-de-France,HF,Desvres
France,FR,Hauts-de-France,HF,Douai
France,FR,Hauts-de-France,HF,Dury
France,FR,Hauts-de-France,HF,Gauchy
France,FR,Hauts-de-France,HF,Hallennes-lez-haubourdin
France,FR,Hauts-de-France,HF,La Bassée
France,FR,Hauts-de-France,HF,La Madeleine
France,FR,Hauts-de-France,HF,Lens
France,FR,Hauts-de-France,HF,Lesquin
France,FR,Hauts-de-France,HF,Lezennes
France,FR,Hauts-de-France,HF,Lille
France,FR,Hauts-de-France,HF,Marcq-en-Barœul
France,FR,Hauts-de-France,HF,Marquette-lez-Lille
France,FR,Hauts-de-France,HF,Mesnil-en-Arrouaise
France,FR,Hauts-de-France,HF,Neufchâtel-Hardelot
France,FR,Hauts-de-France,HF,Nogent-sur-Oise
France,FR,Hauts-de-France,HF,Roubaix
France,FR,Hauts-de-France,HF,Saint Nicolas
France,FR,Hauts-de-France,HF,Saint-Laurent-Blangy
France,FR,Hauts-de-France,HF,Saint-Martin-Boulogne
France,FR,Hauts-de-France,HF,Saint-Quentin
France,FR,Hauts-de-France,HF,Saint-Saulve
France,FR,Hauts-de-France,HF,Soissons
France,FR,Hauts-de-France,HF,Somain
France,FR,Hauts-de-France,HF,Templemars
France,FR,Hauts-de-France,HF,Tourcoing
France,FR,Hauts-de-France,HF,Valenciennes
France,FR,Hauts-de-France,HF,Villeneuve-Saint-Germain
France,FR,Hauts-de-France,HF,Villeneuve-d-Ascq
France,FR,Hauts-de-France,HF,Villiers saint denis
France,FR,Hauts-de-France,HF,Wambrechies
France,FR,Hauts-de-France,HF,Wasquehal
France,FR,Île-de-France,IF,Alfortville
France,FR,Île-de-France,IF,Argenteuil
France,FR,Île-de-France,IF,Asnières-sur-Seine
France,FR,Île-de-France,IF,Avon
France,FR,Île-de-France,IF,Bagnolet
France,FR,Île-de-France,IF,Bezons
France,FR,Île-de-France,IF,Bièvres
France,FR,Île-de-France,IF,Bois-Colombes
France,FR,Île-de-France,IF,Boulogne-Billancourt
France,FR,Île-de-France,IF,Bussy-Saint-Georges
France,FR,Île-de-France,IF,Carrières-sur-Seine
France,FR,Île-de-France,IF,Cergy
France,FR,Île-de-France,IF,Champlan
France,FR,Île-de-France,IF,Chatou
France,FR,Île-de-France,IF,Chevilly-Larue
France,FR,Île-de-France,IF,Choisy-le-Roi
France,FR,Île-de-France,IF,Clamart
France,FR,Île-de-France,IF,Clichy
France,FR,Île-de-France,IF,Collégien
France,FR,Île-de-France,IF,Coulommiers
France,FR,Île-de-France,IF,Courbevoie
France,FR,Île-de-France,IF,Courdimanche
France,FR,Île-de-France,IF,Crosne
France,FR,Île-de-France,IF,Créteil
France,FR,Île-de-France,IF,Epinay sur Orge
France,FR,Île-de-France,IF,Evry-Courcouronnes
France,FR,Île-de-France,IF,Fontainebleau
France,FR,Île-de-France,IF,Fontenay-sous-Bois
France,FR,Île-de-France,IF,Gournay-sur-Marne
France,FR,Île-de-France,IF,Goussainville
France,FR,Île-de-France,IF,Guyancourt
France,FR,Île-de-France,IF,Issy-les-Moulineaux
France,FR,Île-de-France,IF,Ivry-sur-Seine
France,FR,Île-de-France,IF,Joinville-le-Pont
France,FR,Île-de-France,IF,Jouy-en-Josas
France,FR,Île-de-France,IF,La Garenne-Colombes
France,FR,Île-de-France,IF,Le Coudray-Montceaux
France,FR,Île-de-France,IF,Les Essarts-le-Roi
France,FR,Île-de-France,IF,Levallois-Perret
France,FR,Île-de-France,IF,Lognes
France,FR,Île-de-France,IF,Longjumeau
France,FR,Île-de-France,IF,Malakoff
France,FR,Île-de-France,IF,Melun
France,FR,Île-de-France,IF,Mennecy
France,FR,Île-de-France,IF,Milly-la-Forêt
France,FR,Île-de-France,IF,Montigny-le-Bretonneux
France,FR,Île-de-France,IF,Montreuil
France,FR,Île-de-France,IF,Montrouge
France,FR,Île-de-France,IF,Nanterre
France,FR,Île-de-France,IF,Neuilly-Plaisance
France,FR,Île-de-France,IF,Neuilly-sur-Seine
France,FR,Île-de-France,IF,Noisy-le-Grand
France,FR,Île-de-France,IF,Pantin
France,FR,Île-de-France,IF,Paris
France,FR,Île-de-France,IF,Plaisir
France,FR,Île-de-France,IF,Roissy-en-France
France,FR,Île-de-France,IF,Rosny-sous-Bois
France,FR,Île-de-France,IF,Rueil-Malmaison
France,FR,Île-de-France,IF,Saint-Cloud
France,FR,Île-de-France,IF,Saint-Ouen
France,FR,Île-de-France,IF,Saint-Ouen-l-Aumône
France,FR,Île-de-France,IF,Saint-Pierre-du-Perray
France,FR,Île-de-France,IF,Sannois
France,FR,Île-de-France,IF,Sarcelles
France,FR,Île-de-France,IF,Sartrouville
France,FR,Île-de-France,IF,Seugy
France,FR,Île-de-France,IF,Sucy-en-Brie
France,FR,Île-de-France,IF,Suresnes
France,FR,Île-de-France,IF,Sèvres
France,FR,Île-de-France,IF,Trappes
France,FR,Île-de-France,IF,Tremblay-en-France
France,FR,Île-de-France,IF,Vanves
France,FR,Île-de-France,IF,Versailles
France,FR,Île-de-France,IF,Vigny
France,FR,Île-de-France,IF,Villemomble
France,FR,Île-de-France,IF,Villiers-Saint-Frédéric
France,FR,Île-de-France,IF,Villiers-sur-Marne
France,FR,Île-de-France,IF,Viroflay
France,FR,Île-de-France,IF,Viry-Châtillon
France,FR,Île-de-France,IF,Voisins-le-Bretonneux
France,FR,Nouvelle-Aquitaine,NA,Allassac
France,FR,Nouvelle-Aquitaine,NA,Anglet
France,FR,Nouvelle-Aquitaine,NA,Bayonne
France,FR,Nouvelle-Aquitaine,NA,Bon-Encontre
France,FR,Nouvelle-Aquitaine,NA,Bordeaux
France,FR,Nouvelle-Aquitaine,NA,Brive-la-Gaillarde
France,FR,Nouvelle-Aquitaine,NA,Bruges
France,FR,Nouvelle-Aquitaine,NA,Bègles
France,FR,Nouvelle-Aquitaine,NA,Canéjan
France,FR,Nouvelle-Aquitaine,NA,Chasseneuil-du-Poitou
France,FR,Nouvelle-Aquitaine,NA,Châteaubernard
France,FR,Nouvelle-Aquitaine,NA,Coulounieix-Chamiers
France,FR,Nouvelle-Aquitaine,NA,Créon
France,FR,Nouvelle-Aquitaine,NA,Gradignan
France,FR,Nouvelle-Aquitaine,NA,Jaunay-Clan
France,FR,Nouvelle-Aquitaine,NA,Jaunay-Marigny
France,FR,Nouvelle-Aquitaine,NA,La Rochelle
France,FR,Nouvelle-Aquitaine,NA,La Teste-de-Buch
France,FR,Nouvelle-Aquitaine,NA,Lahonce
France,FR,Nouvelle-Aquitaine,NA,Le Haillan
France,FR,Nouvelle-Aquitaine,NA,Limoges
France,FR,Nouvelle-Aquitaine,NA,Malemort-sur-Corrèze
France,FR,Nouvelle-Aquitaine,NA,Mérignac
France,FR,Nouvelle-Aquitaine,NA,Niort
France,FR,Nouvelle-Aquitaine,NA,Pau
France,FR,Nouvelle-Aquitaine,NA,Poitiers
France,FR,Nouvelle-Aquitaine,NA,Royan
France,FR,Nouvelle-Aquitaine,NA,Saint-Benoît
France,FR,Nouvelle-Aquitaine,NA,Saujon
France,FR,Nouvelle-Aquitaine,NA,Talence
France,FR,Nouvelle-Aquitaine,NA,Thouars
France,FR,Nouvelle-Aquitaine,NA,Vouillé
France,FR,Normandie,NO,Alençon
France,FR,Normandie,NO,Avranches
France,FR,Normandie,NO,Aytré
France,FR,Normandie,NO,Biéville-Beuville
France,FR,Normandie,NO,Caen
France,FR,Normandie,NO,Cherbourg-en-Cotentin
France,FR,Normandie,NO,Eslettes
France,FR,Normandie,NO,Harfleur
France,FR,Normandie,NO,Hérouville-Saint-Clair
France,FR,Normandie,NO,Isneauville
France,FR,Normandie,NO,Le Havre
France,FR,Normandie,NO,Louvigny
France,FR,Normandie,NO,Marcilly sur Eure
France,FR,Normandie,NO,Mont-Saint-Aignan
France,FR,Normandie,NO,Pont-Audemer
France,FR,Normandie,NO,Prey
France,FR,Normandie,NO,Rouen
France,FR,Normandie,NO,Saint-Jean-du-Cardonnay
France,FR,Normandie,NO,Saint-Lô
France,FR,Normandie,NO,Saint-Mars-d'Égrenne
France,FR,Normandie,NO,Sainte-Marie-des-Champs
France,FR,Normandie,NO,Vironvay
France,FR,Normandie,NO,Évreux
France,FR,Occitanie,OC,Albi
France,FR,Occitanie,OC,Alès
France,FR,Occitanie,OC,Alénya
France,FR,Occitanie,OC,Auch
France,FR,Occitanie,OC,Baillargues
France,FR,Occitanie,OC,Bessan
France,FR,Occitanie,OC,Béziers
France,FR,Occitanie,OC,Cadours
France,FR,Occitanie,OC,Carcassonne
France,FR,Occitanie,OC,Castres
France,FR,Occitanie,OC,Colomiers
France,FR,Occitanie,OC,Estagel
France,FR,Occitanie,OC,Labège
France,FR,Occitanie,OC,Laudun-l'Ardoise
France,FR,Occitanie,OC,Le Soler
France,FR,Occitanie,OC,Marsillargues
France,FR,Occitanie,OC,Mauguio
France,FR,Occitanie,OC,Montauban
France,FR,Occitanie,OC,Montpellier
France,FR,Occitanie,OC,Montrabé
France,FR,Occitanie,OC,Narbonne
France,FR,Occitanie,OC,Nîmes
France,FR,Occitanie,OC,Perpignan
France,FR,Occitanie,OC,Puycasquier
France,FR,Occitanie,OC,Rocamadour
France,FR,Occitanie,OC,Rochefort-du-Gard
France,FR,Occitanie,OC,Saint-Estève
France,FR,Occitanie,OC,Saint-Hilaire-de-Brethmas
France,FR,Occitanie,OC,Saint-Laurent-de-Neste
France,FR,Occitanie,OC,Saint-Privat-des-Vieux
France,FR,Occitanie,OC,Tarbes
France,FR,Occitanie,OC,Toulouse
France,FR,Provence-Alpes-Côte d'Azur,PA,Aix-en-Provence
France,FR,Provence-Alpes-Côte d'Azur,PA,Antibes
France,FR,Provence-Alpes-Côte d'Azur,PA,Aubagne
France,FR,Provence-Alpes-Côte d'Azur,PA,Avignon
France,FR,Provence-Alpes-Côte d'Azur,PA,Bandol
France,FR,Provence-Alpes-Côte d'Azur,PA,Biot
France,FR,Provence-Alpes-Côte d'Azur,PA,Cannes
France,FR,Provence-Alpes-Côte d'Azur,PA,Châteauneuf-de-Gadagne
France,FR,Provence-Alpes-Côte d'Azur,PA,Eguilles
France,FR,Provence-Alpes-Côte d'Azur,PA,Fréjus
France,FR,Provence-Alpes-Côte d'Azur,PA,Gémenos
France,FR,Provence-Alpes-Côte d'Azur,PA,Istres
France,FR,Provence-Alpes-Côte d'Azur,PA,La Crau
France,FR,Provence-Alpes-Côte d'Azur,PA,La Garde
France,FR,Provence-Alpes-Côte d'Azur,PA,Le Muy
France,FR,Provence-Alpes-Côte d'Azur,PA,Le Pontet
France,FR,Provence-Alpes-Côte d'Azur,PA,Les Pennes-Mirabeau
France,FR,Provence-Alpes-Côte d'Azur,PA,Marseille
France,FR,Provence-Alpes-Côte d'Azur,PA,Mouans-Sartoux
France,FR,Provence-Alpes-Côte d'Azur,PA,Mougins
France,FR,Provence-Alpes-Côte d'Azur,PA,Nice
France,FR,Provence-Alpes-Côte d'Azur,PA,Puget-sur-Argens
France,FR,Provence-Alpes-Côte d'Azur,PA,Saint-Laurent-du-Var
France,FR,Provence-Alpes-Côte d'Azur,PA,Saint-Romain-en-Viennois
France,FR,Provence-Alpes-Côte d'Azur,PA,Sorgues
France,FR,Provence-Alpes-Côte d'Azur,PA,Toulon
France,FR,Provence-Alpes-Côte d'Azur,PA,Vaison-la-Romaine
France,FR,Provence-Alpes-Côte d'Azur,PA,Valbonne
France,FR,Provence-Alpes-Côte d'Azur,PA,Vallauris
France,FR,Provence-Alpes-Côte d'Azur,PA,Varages
France,FR,Provence-Alpes-Côte d'Azur,PA,Vedène
France,FR,Provence-Alpes-Côte d'Azur,PA,Ventabren
France,FR,Provence-Alpes-Côte d'Azur,PA,Villeneuve-Loubet
France,FR,Provence-Alpes-Côte d'Azur,PA,Vitrolles
France,FR,Pays de la Loire,PL,Angers
France,FR,Pays de la Loire,PL,Carquefou
France,FR,Pays de la Loire,PL,Changé
France,FR,Pays de la Loire,PL,Cholet
France,FR,Pays de la Loire,PL,Couëron
France,FR,Pays de la Loire,PL,Divatte-sur-Loire
France,FR,Pays de la Loire,PL,Fontenay-le-Comte
France,FR,Pays de la Loire,PL,Haute-Goulaine
France,FR,Pays de la Loire,PL,LE POIRE SUR VIE
France,FR,Pays de la Loire,PL,La Chapelle-Saint-Aubin
France,FR,Pays de la Loire,PL,La Chapelle-sur-Erdre
France,FR,Pays de la Loire,PL,La Roche-sur-Yon
France,FR,Pays de la Loire,PL,Le Fenouiller
France,FR,Pays de la Loire,PL,Le Mans
France,FR,Pays de la Loire,PL,Les Ponts-de-Cé
France,FR,Pays de la Loire,PL,Les Sables-d'Olonne
France,FR,Pays de la Loire,PL,Les Sorinières
France,FR,Pays de la Loire,PL,Mortagne sur Sèvre
France,FR,Pays de la Loire,PL,Nantes
France,FR,Pays de la Loire,PL,Olonne-sur-Mer
France,FR,Pays de la Loire,PL,Orvault
France,FR,Pays de la Loire,PL,Rezé
France,FR,Pays de la Loire,PL,Rouillon
France,FR,Pays de la Loire,PL,Ruaudin
France,FR,Pays de la Loire,PL,Saint-Herblain
France,FR,Pays de la Loire,PL,Sargé-lès-le-Mans
France,FR,Pays de la Loire,PL,Sèvremoine
France,FR,Pays de la Loire,PL,Treillières
France,FR,Pays de la Loire,PL,Trélazé
France,FR,Pays de la Loire,PL,Vertou
France,FR,Pays de la Loire,PL,Vezins
United States,US,Alaska,AK,Anchorage
United States,US,Alaska,AK,Juneau
United States,US,Alabama,AL,Birmingham
United States,US,Alabama,AL,Cullman
United States,US,Alabama,AL,Gadsden
United States,US,Alabama,AL,Huntsville
United States,US,Alabama,AL,Irvington
United States,US,Alabama,AL,Montgomery
United States,US,Arkansas,AR,Brookland
United States,US,Arkansas,AR,Conway
United States,US,Arkansas,AR,Fort Smith
United States,US,Arkansas,AR,Little Rock
United States,US,Arkansas,AR,Rogers
United States,US,Arkansas,AR,Russellville
United States,US,Arizona,AZ,Chandler
United States,US,Arizona,AZ,Concho
United States,US,Arizona,AZ,Cortaro
United States,US,Arizona,AZ,Glendale
United States,US,Arizona,AZ,Kearny
United States,US,Arizona,AZ,Peoria
United States,US,Arizona,AZ,Phoenix
United States,US,Arizona,AZ,Prescott
United States,US,Arizona,AZ,Scottsdale
United States,US,Arizona,AZ,Sierra Vista
United States,US,Arizona,AZ,Snowflake
United States,US,Arizona,AZ,Tempe
United States,US,Arizona,AZ,Tucson
United States,US,California,CA,Anaheim
United States,US,California,CA,Aptos
United States,US,California,CA,Atwater
United States,US,California,CA,Auburn
United States,US,California,CA,Bakersfield
United States,US,California,CA,Bellflower
United States,US,California,CA,Camarillo
United States,US,California,CA,Campbell
United States,US,California,CA,Chino
United States,US,California,CA,Covina
United States,US,California,CA,Daly City
United States,US,California,CA,Downey
United States,US,California,CA,Fair Oaks
United States,US,California,CA,Folsom
United States,US,California,CA,Fremont
United States,US,California,CA,Hesperia
United States,US,California,CA,Irvine
United States,US,California,CA,Kelseyville
United States,US,California,CA,La Cañada Flintridge
United States,US,California,CA,La Jolla
United States,US,California,CA,Lafayette
United States,US,California,CA,Lincoln
United States,US,California,CA,Los Angeles
United States,US,California,CA,Mission Viejo
United States,US,California,CA,Modesto
United States,US,California,CA,Monterey Park
United States,US,California,CA,Newport Beach
United States,US,California,CA,Oakland
United States,US,California,CA,Oceanside
United States,US,California,CA,Palm Desert
United States,US,California,CA,Pasadena
United States,US,California,CA,Pollock Pines
United States,US,California,CA,Pomona
United States,US,California,CA,Redding
United States,US,California,CA,Roseville
United States,US,California,CA,San Diego
United States,US,California,CA,San Francisco
United States,US,California,CA,San Jose
United States,US,California,CA,San Mateo
United States,US,California,CA,Santa Ana
United States,US,California,CA,Santa Cruz
United States,US,California,CA,Santa Monica
United States,US,California,CA,Santa Rosa
United States,US,California,CA,Santee
United States,US,California,CA,Stockton
United States,US,California,CA,Temple City
United States,US,California,CA,Thousand Oaks
United States,US,California,CA,Torrance
United States,US,California,CA,Yreka
United States,US,California,CA,Yuba City
United States,US,Colorado,CO,Berthoud
United States,US,Colorado,CO,Broomfield
United States,US,Colorado,CO,Centennial
United States,US,Colorado,CO,Colorado Springs
United States,US,Colorado,CO,Cortez
United States,US,Colorado,CO,Denver
United States,US,Colorado,CO,Edwards
United States,US,Colorado,CO,Englewood
United States,US,Colorado,CO,Grand Junction
United States,US,Colorado,CO,Highlands Ranch
United States,US,Colorado,CO,Littleton
United States,US,Colorado,CO,Loveland
United States,US,Colorado,CO,Montrose
United States,US,Colorado,CO,Northglenn
United States,US,Connecticut,CT,Cheshire
United States,US,Connecticut,CT,East Hartford
United States,US,Connecticut,CT,Greenwich
United States,US,Connecticut,CT,Hartford
United States,US,Connecticut,CT,Lebanon
United States,US,Connecticut,CT,Middletown
United States,US,Connecticut,CT,Ridgefield
United States,US,Connecticut,CT,Shelton
United States,US,Connecticut,CT,Waterbury
United States,US,District of Columbia,DC,Washington
United States,US,Delaware,DE,Dover
United States,US,Delaware,DE,Middletown
United States,US,Delaware,DE,Milford
United States,US,Delaware,DE,Selbyville
United States,US,Delaware,DE,Wilmington
United States,US,Florida,FL,Alachua
United States,US,Florida,FL,Apopka
United States,US,Florida,FL,Ave Maria
United States,US,Florida,FL,Boca Raton
United States,US,Florida,FL,Boynton Beach
United States,US,Florida,FL,Brandon
United States,US,Florida,FL,Branford
United States,US,Florida,FL,Cape Canaveral
United States,US,Florida,FL,Clermont
United States,US,Florida,FL,Cocoa Beach
United States,US,Florida,FL,Coconut Creek
United States,US,Florida,FL,Coral Springs
United States,US,Florida,FL,Dania
United States,US,Florida,FL,Daytona Beach
United States,US,Florida,FL,Deerfield Beach
United States,US,Florida,FL,Doral
United States,US,Florida,FL,Englewood
United States,US,Florida,FL,Fort Lauderdale
United States,US,Florida,FL,Fort Myers
United States,US,Florida,FL,Gainesville
United States,US,Florida,FL,Goldenrod
United States,US,Florida,FL,Hollywood
United States,US,Florida,FL,Homestead
United States,US,Florida,FL,Jacksonville
United States,US,Florida,FL,Key West
United States,US,Florida,FL,Kissimmee
United States,US,Florida,FL,Lake Mary
United States,US,Florida,FL,Lake Worth
United States,US,Florida,FL,Maitland
United States,US,Florida,FL,Marianna
United States,US,Florida,FL,Merritt Island
United States,US,Florida,FL,Miami
United States,US,Florida,FL,Miami Beach
United States,US,Florida,FL,Miramar
United States,US,Florida,FL,N. Miami Beach
United States,US,Florida,FL,Naples
United States,US,Florida,FL,New Port Richey
United States,US,Florida,FL,Niceville
United States,US,Florida,FL,North Port
United States,US,Florida,FL,Ocala
United States,US,Florida,FL,Orlando
United States,US,Florida,FL,Ormond Beach
United States,US,Florida,FL,Palatka
United States,US,Florida,FL,Palm City
United States,US,Florida,FL,Pensacola
United States,US,Florida,FL,Plantation
United States,US,Florida,FL,Pompano Beach
United States,US,Florida,FL,Port St. Lucie
United States,US,Florida,FL,Royal Palm Beach
United States,US,Florida,FL,Saint Augustine
United States,US,Florida,FL,Sarasota
United States,US,Florida,FL,Spring Hill
United States,US,Florida,FL,St. Petersburg
United States,US,Florida,FL,Sunrise
United States,US,Florida,FL,Tampa
United States,US,Florida,FL,Tarpon Springs
United States,US,Florida,FL,Vero Beach
United States,US,Florida,FL,Wellington
United States,US,Florida,FL,Wesley Chapel
United States,US,Florida,FL,Weston
United States,US,Florida,FL,Winter Park
United States,US,Florida,FL,jacksonville
United States,US,Georgia,GA,Acworth
United States,US,Georgia,GA,Albany
United States,US,Georgia,GA,Alpharetta
United States,US,Georgia,GA,Atlanta
United States,US,Georgia,GA,Augusta
United States,US,Georgia,GA,Blackshear
United States,US,Georgia,GA,Buford
United States,US,Georgia,GA,Columbus
United States,US,Georgia,GA,Conyers
United States,US,Georgia,GA,Cornelia
United States,US,Georgia,GA,Covington
United States,US,Georgia,GA,Duluth
United States,US,Georgia,GA,Evans
United States,US,Georgia,GA,Gainesville
United States,US,Georgia,GA,Homer
United States,US,Georgia,GA,Hoschton
United States,US,Georgia,GA,Kennesaw
United States,US,Georgia,GA,Lawrenceville
United States,US,Georgia,GA,Marietta
United States,US,Georgia,GA,McDonough
United States,US,Georgia,GA,Peachtree City
United States,US,Georgia,GA,Peachtree Corners
United States,US,Georgia,GA,Pembroke
United States,US,Georgia,GA,Pooler
United States,US,Georgia,GA,Rome
United States,US,Georgia,GA,Roswell
United States,US,Georgia,GA,Savannah
United States,US,Georgia,GA,Silver Creek
United States,US,Georgia,GA,Snellville
United States,US,Georgia,GA,Social Circle
United States,US,Georgia,GA,Suwanee
United States,US,Georgia,GA,Toccoa
United States,US,Georgia,GA,Warner Robins
United States,US,Georgia,GA,Woodstock
United States,US,Hawaii,HI,Kailua
United States,US,Iowa,IA,Ames
United States,US,Iowa,IA,Carlisle
United States,US,Iowa,IA,Cedar Rapids
United States,US,Iowa,IA,Davenport
United States,US,Iowa,IA,Decorah
United States,US,Iowa,IA,Hiawatha
United States,US,Iowa,IA,Johnston
United States,US,Iowa,IA,Lake Mills
United States,US,Iowa,IA,Monroe
United States,US,Iowa,IA,Monticello
United States,US,Iowa,IA,Sioux City
United States,US,Idaho,ID,Eagle
United States,US,Idaho,ID,Hayden
United States,US,Idaho,ID,Idaho Falls
United States,US,Illinois,IL,Alton
United States,US,Illinois,IL,Aurora
United States,US,Illinois,IL,Beecher
United States,US,Illinois,IL,Bloomington
United States,US,Illinois,IL,Carbondale
United States,US,Illinois,IL,Champaign
United States,US,Illinois,IL,Chicago
United States,US,Illinois,IL,Crystal Lake
United States,US,Illinois,IL,Danville
United States,US,Illinois,IL,Elgin
United States,US,Illinois,IL,Gibson City
United States,US,Illinois,IL,Itasca
United States,US,Illinois,IL,Lincolnwood
United States,US,Illinois,IL,Lombard
United States,US,Illinois,IL,Marion
United States,US,Illinois,IL,Mattoon
United States,US,Illinois,IL,Minooka
United States,US,Illinois,IL,Mount Prospect
United States,US,Illinois,IL,Naperville
United States,US,Illinois,IL,Oak Brook
United States,US,Illinois,IL,Peoria
United States,US,Illinois,IL,Quincy
United States,US,Illinois,IL,Schaumburg
United States,US,Illinois,IL,Springfield
United States,US,Illinois,IL,Winnetka
United States,US,Indiana,IN,Berne
United States,US,Indiana,IN,Bloomington
United States,US,Indiana,IN,Carmel
United States,US,Indiana,IN,Evansville
United States,US,Indiana,IN,Fort Wayne
United States,US,Indiana,IN,Greenwood
United States,US,Indiana,IN,Indianapolis
United States,US,Indiana,IN,Middlebury
United States,US,Indiana,IN,Mishawaka
United States,US,Indiana,IN,Pierceton
United States,US,Indiana,IN,Shelbyville
United States,US,Indiana,IN,South Bend
United States,US,Indiana,IN,Terre Haute
United States,US,Indiana,IN,Valparaiso
United States,US,Indiana,IN,Vincennes
United States,US,Indiana,IN,Westville
United States,US,Indiana,IN,Zionsville
United States,US,Kansas,KS,Dodge City
United States,US,Kansas,KS,Overland Park
United States,US,Kansas,KS,Topeka
United States,US,Kentucky,KY,Beaver Dam
United States,US,Kentucky,KY,Bowling Green
United States,US,Kentucky,KY,Corbin
United States,US,Kentucky,KY,Elizabethtown
United States,US,Kentucky,KY,Florence
United States,US,Kentucky,KY,Frankfort
United States,US,Kentucky,KY,Lexington
United States,US,Kentucky,KY,London
United States,US,Kentucky,KY,Louisville
United States,US,Kentucky,KY,Nicholasville
United States,US,Kentucky,KY,Owensboro
United States,US,Kentucky,KY,Paducah
United States,US,Kentucky,KY,Shelbyville
United States,US,Louisiana,LA,Alexandria
United States,US,Louisiana,LA,Baton
United States,US,Louisiana,LA,Baton Rouge
United States,US,Louisiana,LA,Belle Chasse
United States,US,Louisiana,LA,Covington
United States,US,Louisiana,LA,Lafayette
United States,US,Louisiana,LA,Mandeville
United States,US,Louisiana,LA,Moreauville
United States,US,Louisiana,LA,Morgan City
United States,US,Louisiana,LA,Ruston
United States,US,Louisiana,LA,Shreveport
United States,US,Massachusetts,MA,Foxborough
United States,US,Massachusetts,MA,Framingham
United States,US,Massachusetts,MA,Hopkinton
United States,US,Massachusetts,MA,Lakeville
United States,US,Massachusetts,MA,Milford
United States,US,Massachusetts,MA,Northborough
United States,US,Massachusetts,MA,Sharon
United States,US,Maryland,MD,Baltimore
United States,US,Maryland,MD,Bel Air
United States,US,Maryland,MD,Columbia
United States,US,Maryland,MD,Dundalk
United States,US,Maryland,MD,Elkton
United States,US,Maryland,MD,Frederick
United States,US,Maryland,MD,Gaithersburg
United States,US,Maryland,MD,Hagerstown
United States,US,Maryland,MD,Lanham
United States,US,Maryland,MD,Oakland
United States,US,Maryland,MD,Rockville
United States,US,Maryland,MD,Severn
United States,US,Maryland,MD,Taneytown
United States,US,Maine,ME,Bangor
United States,US,Maine,ME,Brewer
United States,US,Maine,ME,Brunswick
United States,US,Maine,ME,Fort Kent
United States,US,Maine,ME,Mapleton
United States,US,Maine,ME,Winthrop
United States,US,Michigan,MI,Algonac
United States,US,Michigan,MI,Auburn Hills
United States,US,Michigan,MI,Byron Center
United States,US,Michigan,MI,Canton
United States,US,Michigan,MI,Caro
United States,US,Michigan,MI,Clawson
United States,US,Michigan,MI,Dowagiac
United States,US,Michigan,MI,Grand Haven
United States,US,Michigan,MI,Grand Rapids
United States,US,Michigan,MI,Holland
United States,US,Michigan,MI,Ishpeming
United States,US,Michigan,MI,Kalamazoo
United States,US,Michigan,MI,Livonia
United States,US,Michigan,MI,Mt Clemens
United States,US,Michigan,MI,Muskegon
United States,US,Michigan,MI,Oakland Twp
United States,US,Michigan,MI,Petoskey
United States,US,Michigan,MI,Rockford
United States,US,Michigan,MI,Sparta
United States,US,Michigan,MI,Spring Lake
United States,US,Michigan,MI,Traverse City
United States,US,Michigan,MI,Troy
United States,US,Michigan,MI,Washington
United States,US,Minnesota,MN,Chaska
United States,US,Minnesota,MN,Eden Prairie
United States,US,Minnesota,MN,Marshall
United States,US,Minnesota,MN,Minneapolis
United States,US,Minnesota,MN,Owatonna
United States,US,Minnesota,MN,Sartell
United States,US,Minnesota,MN,Willmar
United States,US,Missouri,MO,Arnold
United States,US,Missouri,MO,Cape Girardeau
United States,US,Missouri,MO,Cedar Hill
United States,US,Missouri,MO,Earth City
United States,US,Missouri,MO,Fenton
United States,US,Missouri,MO,Independence
United States,US,Missouri,MO,Kansas City
United States,US,Missouri,MO,Malden
United States,US,Missouri,MO,Maplewood
United States,US,Missouri,MO,Marshall
United States,US,Missouri,MO,Park Hills
United States,US,Missouri,MO,Riverside
United States,US,Missouri,MO,Springfield
United States,US,Missouri,MO,St. Louis
United States,US,Mississippi,MS,New Albany
United States,US,Montana,MT,Laurel
United States,US,North Carolina,NC,Apex
United States,US,North Carolina,NC,Asheville
United States,US,North Carolina,NC,Beaufort
United States,US,North Carolina,NC,Camden
United States,US,North Carolina,NC,Cape Carteret
United States,US,North Carolina,NC,Carthage
United States,US,North Carolina,NC,Cary
United States,US,North Carolina,NC,Charlotte
United States,US,North Carolina,NC,Conover
United States,US,North Carolina,NC,Fayetteville
United States,US,North Carolina,NC,Gastonia
United States,US,North Carolina,NC,Greensboro
United States,US,North Carolina,NC,Greenville
United States,US,North Carolina,NC,Hendersonville
United States,US,North Carolina,NC,Huntersville
United States,US,North Carolina,NC,Kernersville
United States,US,North Carolina,NC,Mint Hill
United States,US,North Carolina,NC,Mooresville
United States,US,North Carolina,NC,Morganton
United States,US,North Carolina,NC,Mount Holly
United States,US,North Carolina,NC,Oak Island
United States,US,North Carolina,NC,Raleigh
United States,US,North Carolina,NC,Salisbury
United States,US,North Carolina,NC,Sherrills Ford
United States,US,North Carolina,NC,Sylva
United States,US,North Carolina,NC,Wallace
United States,US,North Carolina,NC,Wilmington
United States,US,North Carolina,NC,Wilson
United States,US,North Carolina,NC,Winston-Salem
United States,US,North Carolina,NC,Winterville
United States,US,North Dakota,ND,Fargo
United States,US,Nebraska,NE,Kingston
United States,US,Nebraska,NE,Omaha
United States,US,Nebraska,NE,Papillion
United States,US,New Hampshire,NH,Bedford
United States,US,New Hampshire,NH,Concord
United States,US,New Hampshire,NH,Conway
United States,US,New Hampshire,NH,Hudson
United States,US,New Hampshire,NH,Londonderry
United States,US,New Hampshire,NH,Nashua
United States,US,New Jersey,NJ,Aberdeen
United States,US,New Jersey,NJ,Basking Ridge
United States,US,New Jersey,NJ,Belmar
United States,US,New Jersey,NJ,Brick
United States,US,New Jersey,NJ,Bridgewater
United States,US,New Jersey,NJ,Cherry Hill
United States,US,New Jersey,NJ,Cranford
United States,US,New Jersey,NJ,Edison
United States,US,New Jersey,NJ,Forked River
United States,US,New Jersey,NJ,Franklin Township
United States,US,New Jersey,NJ,Hackettstown
United States,US,New Jersey,NJ,Lakewood
United States,US,New Jersey,NJ,Ledgewood
United States,US,New Jersey,NJ,Madison
United States,US,New Jersey,NJ,Maywood
United States,US,New Jersey,NJ,Merchantville
United States,US,New Jersey,NJ,Mine Hill
United States,US,New Jersey,NJ,Monmouth Junction
United States,US,New Jersey,NJ,Moorestown
United States,US,New Jersey,NJ,Mountainside
United States,US,New Jersey,NJ,Neptune
United States,US,New Jersey,NJ,North Bergen
United States,US,New Jersey,NJ,North Haledon
United States,US,New Jersey,NJ,Parsippany
United States,US,New Jersey,NJ,Pompton Plains
United States,US,New Jersey,NJ,Ramsey
United States,US,New Jersey,NJ,Randolph
United States,US,New Jersey,NJ,Roseland
United States,US,New Jersey,NJ,Somerset
United States,US,New Jersey,NJ,South Brunswick Township
United States,US,New Jersey,NJ,Tenafly
United States,US,New Jersey,NJ,Toms River
United States,US,New Jersey,NJ,Trenton
United States,US,New Jersey,NJ,Washington Township
United States,US,New Jersey,NJ,Wood-Ridge
United States,US,New Mexico,NM,Albuquerque
United States,US,Nevada,NV,Las Vegas
United States,US,Nevada,NV,Minden
United States,US,Nevada,NV,Reno
United States,US,New York,NY,Astoria
United States,US,New York,NY,Binghamton
United States,US,New York,NY,Brooklyn
United States,US,New York,NY,Buffalo
United States,US,New York,NY,Clarence
United States,US,New York,NY,Clinton
United States,US,New York,NY,Fredonia
United States,US,New York,NY,Glen Head
United States,US,New York,NY,Hauppauge
United States,US,New York,NY,Inwood
United States,US,New York,NY,Islip
United States,US,New York,NY,Jericho
United States,US,New York,NY,Melville
United States,US,New York,NY,New City
United States,US,New York,NY,New Paltz
United States,US,New York,NY,New Rochelle
United States,US,New York,NY,New York
United States,US,New York,NY,Nyack
United States,US,New York,NY,Orangeburg
United States,US,New York,NY,Orchard Park
United States,US,New York,NY,Plainview
United States,US,New York,NY,Port Washington
United States,US,New York,NY,Queens
United States,US,New York,NY,Rochester
United States,US,New York,NY,Ronkonkoma
United States,US,New York,NY,Spring Valley
United States,US,New York,NY,Springville
United States,US,New York,NY,Syracuse
United States,US,New York,NY,Valley Stream
United States,US,New York,NY,Wappingers Falls
United States,US,New York,NY,West Coxsackie
United States,US,New York,NY,Yonkers
United States,US,New York,NY,lake success
United States,US,Ohio,OH,Akron
United States,US,Ohio,OH,Aurora
United States,US,Ohio,OH,Baltimore
United States,US,Ohio,OH,Beachwood
United States,US,Ohio,OH,Berea
United States,US,Ohio,OH,Cincinnati
United States,US,Ohio,OH,Cleveland
United States,US,Ohio,OH,Columbus
United States,US,Ohio,OH,Dayton
United States,US,Ohio,OH,Eaton
United States,US,Ohio,OH,Elida
United States,US,Ohio,OH,Findlay
United States,US,Ohio,OH,Gahanna
United States,US,Ohio,OH,Girard
United States,US,Ohio,OH,Glenford
United States,US,Ohio,OH,Grove City
United States,US,Ohio,OH,Hamilton
United States,US,Ohio,OH,Hinckley
United States,US,Ohio,OH,Independence
United States,US,Ohio,OH,Lewis Center
United States,US,Ohio,OH,Lexington
United States,US,Ohio,OH,Maumee
United States,US,Ohio,OH,Miamisburg
United States,US,Ohio,OH,Mount Vernon
United States,US,Ohio,OH,"Newcomerstown,"
United States,US,Ohio,OH,North Canton
United States,US,Ohio,OH,North Olmsted
United States,US,Ohio,OH,Pataskala
United States,US,Ohio,OH,Sheffield Village
United States,US,Ohio,OH,Springfield
United States,US,Ohio,OH,Stow
United States,US,Ohio,OH,Tiffin
United States,US,Ohio,OH,Wadsworth
United States,US,Ohio,OH,Wheelersburg
United States,US,Oklahoma,OK,Duncan
United States,US,Oklahoma,OK,Edmond
United States,US,Oklahoma,OK,Muskogee
United States,US,Oklahoma,OK,Oklahoma City
United States,US,Oklahoma,OK,Shawnee
United States,US,Oklahoma,OK,Tulsa
United States,US,Oregon,OR,Beaverton
United States,US,Oregon,OR,Canby
United States,US,Oregon,OR,Hood River
United States,US,Oregon,OR,Jacksonville
United States,US,Oregon,OR,Lake Oswego
United States,US,Oregon,OR,Medford
United States,US,Oregon,OR,Portland
United States,US,Oregon,OR,Redmond
United States,US,Oregon,OR,Springfield
United States,US,Oregon,OR,Tualatin
United States,US,Pennsylvania,PA,Altoona
United States,US,Pennsylvania,PA,Beech Creek
United States,US,Pennsylvania,PA,Bethlehem
United States,US,Pennsylvania,PA,Bloomsburg
United States,US,Pennsylvania,PA,Blue Bell
United States,US,Pennsylvania,PA,Bryn Mawr
United States,US,Pennsylvania,PA,Camp Hill
United States,US,Pennsylvania,PA,Chambersburg
United States,US,Pennsylvania,PA,Collegeville
United States,US,Pennsylvania,PA,Delmont
United States,US,Pennsylvania,PA,Downingtown
United States,US,Pennsylvania,PA,Ephrata
United States,US,Pennsylvania,PA,Erie
United States,US,Pennsylvania,PA,Greensburg
United States,US,Pennsylvania,PA,Greenville
United States,US,Pennsylvania,PA,Hanover
United States,US,Pennsylvania,PA,Harmony
United States,US,Pennsylvania,PA,Harrisburg
United States,US,Pennsylvania,PA,Hatfield
United States,US,Pennsylvania,PA,Hermitage
United States,US,Pennsylvania,PA,Huntington Valley
United States,US,Pennsylvania,PA,Jamison
United States,US,Pennsylvania,PA,Johnstown
United States,US,Pennsylvania,PA,Jonestown
United States,US,Pennsylvania,PA,Lancaster
United States,US,Pennsylvania,PA,Lititz
United States,US,Pennsylvania,PA,Macungie
United States,US,Pennsylvania,PA,Mechanicsburg
United States,US,Pennsylvania,PA,Media
United States,US,Pennsylvania,PA,New Castle
United States,US,Pennsylvania,PA,New Cumberland
United States,US,Pennsylvania,PA,New Holland
United States,US,Pennsylvania,PA,Newtown
United States,US,Pennsylvania,PA,Philadelphia
United States,US,Pennsylvania,PA,Pittsburgh
United States,US,Pennsylvania,PA,Sinking Spring
United States,US,Pennsylvania,PA,Southampton
United States,US,Pennsylvania,PA,Tobyhanna
United States,US,Pennsylvania,PA,Warren
United States,US,Pennsylvania,PA,West Chester
United States,US,Pennsylvania,PA,Williamsport
United States,US,Pennsylvania,PA,Willow Street
United States,US,Pennsylvania,PA,York
United States,US,Rhode Island,RI,N Kingstown
United States,US,Rhode Island,RI,North Providence
United States,US,Rhode Island,RI,North Smithfield
United States,US,Rhode Island,RI,Warwick
United States,US,South Carolina,SC,Charleston
United States,US,South Carolina,SC,Columbia
United States,US,South Carolina,SC,Easley
United States,US,South Carolina,SC,Florence
United States,US,South Carolina,SC,Georgetown
United States,US,South Carolina,SC,Greenville
United States,US,South Carolina,SC,Greer
United States,US,South Carolina,SC,Hanahan
United States,US,South Carolina,SC,Hilton Head
United States,US,South Carolina,SC,Moncks Corner
United States,US,South Carolina,SC,North Charleston
United States,US,South Dakota,SD,Sioux Falls
United States,US,Tennessee,TN,Bluff City
United States,US,Tennessee,TN,Bristol
United States,US,Tennessee,TN,Chattanooga
United States,US,Tennessee,TN,Collierville
United States,US,Tennessee,TN,Franklin
United States,US,Tennessee,TN,Hendersonville
United States,US,Tennessee,TN,Hixson
United States,US,Tennessee,TN,Johnson City
United States,US,Tennessee,TN,Knoxville
United States,US,Tennessee,TN,Lakeland
United States,US,Tennessee,TN,Lebanon
United States,US,Tennessee,TN,Memphis
United States,US,Tennessee,TN,Nashville
United States,US,Tennessee,TN,Paris
United States,US,Tennessee,TN,Sharps Chapel
United States,US,Texas,TX,Addison
United States,US,Texas,TX,Arlington
United States,US,Texas,TX,Austin
United States,US,Texas,TX,Bedford
United States,US,Texas,TX,Bulverde
United States,US,Texas,TX,Burleson
United States,US,Texas,TX,Carrollton
United States,US,Texas,TX,Childress
United States,US,Texas,TX,Cleburne
United States,US,Texas,TX,Clute
United States,US,Texas,TX,College Station
United States,US,Texas,TX,Corpus Christi
United States,US,Texas,TX,Cypress
United States,US,Texas,TX,Dallas
United States,US,Texas,TX,Duncanville
United States,US,Texas,TX,El Paso
United States,US,Texas,TX,Farmers Branch
United States,US,Texas,TX,Fort Worth
United States,US,Texas,TX,Frisco
United States,US,Texas,TX,Galveston
United States,US,Texas,TX,Grand Prairie
United States,US,Texas,TX,Haslet
United States,US,Texas,TX,Houston
United States,US,Texas,TX,Irving
United States,US,Texas,TX,Kerrville
United States,US,Texas,TX,Lake Dallas
United States,US,Texas,TX,Lake Worth
United States,US,Texas,TX,Lewisville
United States,US,Texas,TX,Livingston
United States,US,Texas,TX,Lubbock
United States,US,Texas,TX,Lufkin
United States,US,Texas,TX,Marble Falls
United States,US,Texas,TX,McKinney
United States,US,Texas,TX,Mesquite
United States,US,Texas,TX,Midland
United States,US,Texas,TX,Mission
United States,US,Texas,TX,New Braunfels
United States,US,Texas,TX,Odessa
United States,US,Texas,TX,Plano
United States,US,Texas,TX,Red Oak
United States,US,Texas,TX,Richland Hills
United States,US,Texas,TX,San Antonio
United States,US,Texas,TX,Seguin
United States,US,Texas,TX,Southlake
United States,US,Texas,TX,Spring
United States,US,Texas,TX,Stephenville
United States,US,Texas,TX,Sugar Land
United States,US,Texas,TX,Tyler
United States,US,Texas,TX,Waxahachie
United States,US,Texas,TX,Whitehouse
United States,US,Texas,TX,Wichita Falls
United States,US,Utah,UT,Draper
United States,US,Utah,UT,Highland
United States,US,Utah,UT,Layton
United States,US,Utah,UT,Lindon
United States,US,Utah,UT,Pleasant View
United States,US,Utah,UT,Salt Lake City
United States,US,Utah,UT,Syracuse
United States,US,Virginia,VA,Alexandria
United States,US,Virginia,VA,Ashburn
United States,US,Virginia,VA,Belle Haven
United States,US,Virginia,VA,Fishersville
United States,US,Virginia,VA,Fredericksburg
United States,US,Virginia,VA,Great Falls
United States,US,Virginia,VA,Hampton
United States,US,Virginia,VA,Herndon
United States,US,Virginia,VA,Lynchburg
United States,US,Virginia,VA,Manassas
United States,US,Virginia,VA,Max Meadows
United States,US,Virginia,VA,McLean
United States,US,Virginia,VA,Reston
United States,US,Virginia,VA,Richmond
United States,US,Virginia,VA,Tysons Corner
United States,US,Virginia,VA,Virginia Beach
United States,US,Virginia,VA,Williamsburg
United States,US,Virginia,VA,Winchester
United States,US,Virginia,VA,Yorktown
United States,US,Vermont,VT,Burlington
United States,US,Vermont,VT,Winooski
United States,US,Washington,WA,Auburn
United States,US,Washington,WA,Bainbridge Island
United States,US,Washington,WA,Bellevue
United States,US,Washington,WA,Bothell
United States,US,Washington,WA,Bremerton
United States,US,Washington,WA,Leavenworth
United States,US,Washington,WA,Newport
United States,US,Washington,WA,Puyallup
United States,US,Washington,WA,Ridgefield
United States,US,Washington,WA,Seattle
United States,US,Washington,WA,Spokane
United States,US,Washington,WA,Vancouver
United States,US,Washington,WA,Wenatchee
United States,US,Washington,WA,Yakima
United States,US,Wisconsin,WI,Boscobel
United States,US,Wisconsin,WI,De Pere
United States,US,Wisconsin,WI,East Troy
United States,US,Wisconsin,WI,Franklin
United States,US,Wisconsin,WI,Germantown
United States,US,Wisconsin,WI,Grafton
United States,US,Wisconsin,WI,Green Bay
United States,US,Wisconsin,WI,Kaukauna
United States,US,Wisconsin,WI,Lake Mills
United States,US,Wisconsin,WI,Madison
United States,US,Wisconsin,WI,Menomonee Falls
United States,US,Wisconsin,WI,Milwaukee
United States,US,Wisconsin,WI,Oshkosh
United States,US,Wisconsin,WI,Racine
United States,US,Wisconsin,WI,Randolph
United States,US,Wisconsin,WI,Waukesha
United States,US,Wisconsin,WI,Wausau
United States,US,Wisconsin,WI,Wisconsin Rapids
United States,US,Wisconsin,WI,Wrightstown
United States,US,West Virginia,WV,Huntington
United States,US,West Virginia,WV,Kenna
United States,US,West Virginia,WV,Madison
United States,US,West Virginia,WV,Morgantown
United States,US,Wyoming,WY,Casper
United States,US,Wyoming,WY,Cheyenne
United States,US,Wyoming,WY,Sheridan
United Arab Emirates,AE,Abu Dhabi,AD,
United Arab Emirates,AE,Ajman,AJ,
United Arab Emirates,AE,Umm Al Quwain,AQ,
United Arab Emirates,AE,Dubai,DU,
United Arab Emirates,AE,Fujairah,FJ,
United Arab Emirates,AE,Ras Al Khaimah,RK,
United Arab Emirates,AE,Sharjah,SH,
Netherlands,NL,Drenthe,DR,
Netherlands,NL,Flevoland,FL,
Netherlands,NL,Friesland,FR,
Netherlands,NL,Gelderland,GE,
Netherlands,NL,Groningen,GR,
Netherlands,NL,Limburg,LI,
Netherlands,NL,North Brabant,NB,
Netherlands,NL,North Holland,NH,
Netherlands,NL,Overijssel,OV,
Netherlands,NL,South Holland,SH,
Netherlands,NL,Utrecht,UT,
Netherlands,NL,Zeeland,ZE,
Italy,IT,Abruzzo,AB,
Italy,IT,Basilicata,BA,
Italy,IT,Calabria,CA,
Italy,IT,Campania,CM,
Italy,IT,Emilia - Romagna,ER,
Italy,IT,Friuli - Venezia Giulia,FV,
Italy,IT,Liguria,LI,
Italy,IT,Lombardia,LO,
Italy,IT,Lazio,LZ,
Italy,IT,Marche,MA,
Italy,IT,Molise,MO,
Italy,IT,Piemonte,PI,
Italy,IT,Puglia,PU,
Italy,IT,Sardegna,SA,
Italy,IT,Sicilia,SI,
Italy,IT,Toscana,TO,
Italy,IT,Trentino,TR,
Italy,IT,Umbria,UM,
Italy,IT,Valle d'Aosta,VA,
Italy,IT,Veneto,VE,
United Kingdom,GB,East of England,EE,
United Kingdom,GB,East Midlands,EM,
United Kingdom,GB,London,GL,
United Kingdom,GB,North East,NE,
United Kingdom,GB,Northern Ireland,NI,
United Kingdom,GB,North West,NW,
United Kingdom,GB,Scotland,SC,
United Kingdom,GB,South East,SE,
United Kingdom,GB,South West,SW,
United Kingdom,GB,Wales,WA,
United Kingdom,GB,West Midlands,WM,
United Kingdom,GB,Yorkshire and the Humber,YO,
Germany,DE,Brandenburg,BB,
Germany,DE,Berlin,BE,
Germany,DE,Baden-Württemberg,BW,
Germany,DE,Bayern,BY,
Germany,DE,Bremen,HB,
Germany,DE,Hessen,HE,
Germany,DE,Hamburg,HH,
Germany,DE,Mecklenburg-Vorpommern,MV,
Germany,DE,Niedersachsen,NI,
Germany,DE,Nordrhein-Westfalen,NW,
Germany,DE,Rheinland-Pfalz,RP,
Germany,DE,Schleswig-Holstein,SH,
Germany,DE,Saarland,SL,
Germany,DE,Sachsen,SN,
Germany,DE,Sachsen-Anhalt,ST,
Germany,DE,Thüringen,TH,
